servicio_slug,servicio,ciudad_slug,ciudad,url
casas-alto-padron,Casas de Alto Padrón,ciudad-del-este,Ciudad del Este,/servicios/casas-alto-padron/ciudad-del-este
casas-alto-padron,Casas de Alto Padrón,pedro-juan-caballero,Pedro Juan Caballero,/servicios/casas-alto-padron/pedro-juan-caballero
casas-alto-padron,Casas de Alto Padrón,coronel-oviedo,Coronel Oviedo,/servicios/casas-alto-padron/coronel-oviedo
casas-alto-padron,Casas de Alto Padrón,presidente-franco,Presidente Franco,/servicios/casas-alto-padron/presidente-franco
casas-alto-padron,Casas de Alto Padrón,hernandarias,Hernandarias,/servicios/casas-alto-padron/hernandarias
casas-alto-padron,Casas de Alto Padrón,minga-guazu,Minga Guazú,/servicios/casas-alto-padron/minga-guazu
casas-alto-padron,Casas de Alto Padrón,encarnacion,Encarnación,/servicios/casas-alto-padron/encarnacion
casas-alto-padron,Casas de Alto Padrón,caaguazu,Caaguazú,/servicios/casas-alto-padron/caaguazu
casas-alto-padron,Casas de Alto Padrón,concepcion,Concepción,/servicios/casas-alto-padron/concepcion
casas-alto-padron,Casas de Alto Padrón,curuguaty,Curuguaty,/servicios/casas-alto-padron/curuguaty
casas-alto-padron,Casas de Alto Padrón,salto-del-guaira,Salto del Guairá,/servicios/casas-alto-padron/salto-del-guaira
casas-alto-padron,Casas de Alto Padrón,itakyry,Itakyry,/servicios/casas-alto-padron/itakyry
casas-alto-padron,Casas de Alto Padrón,santa-rita,Santa Rita,/servicios/casas-alto-padron/santa-rita
casas-alto-padron,Casas de Alto Padrón,capitan-bado,Capitán Bado,/servicios/casas-alto-padron/capitan-bado
casas-alto-padron,Casas de Alto Padrón,dr-juan-leon-mallorquin,Dr. Juan León Mallorquín,/servicios/casas-alto-padron/dr-juan-leon-mallorquin
casas-alto-padron,Casas de Alto Padrón,juan-emilio-o-leary,Juan Emilio O’Leary,/servicios/casas-alto-padron/juan-emilio-o-leary
casas-alto-padron,Casas de Alto Padrón,bella-vista-norte,Bella Vista Norte,/servicios/casas-alto-padron/bella-vista-norte
casas-alto-padron,Casas de Alto Padrón,minga-pora,Minga Porá,/servicios/casas-alto-padron/minga-pora
casas-alto-padron,Casas de Alto Padrón,san-alberto,San Alberto,/servicios/casas-alto-padron/san-alberto
casas-alto-padron,Casas de Alto Padrón,yasy-cany,Yasy Cañy,/servicios/casas-alto-padron/yasy-cany
casas-alto-padron,Casas de Alto Padrón,corpus-christi,Corpus Christi,/servicios/casas-alto-padron/corpus-christi
casas-alto-padron,Casas de Alto Padrón,katuete,Katueté,/servicios/casas-alto-padron/katuete
casas-alto-padron,Casas de Alto Padrón,yguazu,Yguazú,/servicios/casas-alto-padron/yguazu
casas-alto-padron,Casas de Alto Padrón,san-cristobal,San Cristóbal,/servicios/casas-alto-padron/san-cristobal
casas-alto-padron,Casas de Alto Padrón,los-cedrales,Los Cedrales,/servicios/casas-alto-padron/los-cedrales
casas-alto-padron,Casas de Alto Padrón,naranjal,Naranjal,/servicios/casas-alto-padron/naranjal
casas-alto-padron,Casas de Alto Padrón,tavapy,Tavapy,/servicios/casas-alto-padron/tavapy
casas-alto-padron,Casas de Alto Padrón,nacunday,Ñacunday,/servicios/casas-alto-padron/nacunday
casas-alto-padron,Casas de Alto Padrón,mbaracayu,Mbaracayú,/servicios/casas-alto-padron/mbaracayu
casas-alto-padron,Casas de Alto Padrón,santa-rosa-del-monday,Santa Rosa del Monday,/servicios/casas-alto-padron/santa-rosa-del-monday
casas-alto-padron,Casas de Alto Padrón,dr-raul-pena,Dr. Raúl Peña,/servicios/casas-alto-padron/dr-raul-pena
casas-alto-padron,Casas de Alto Padrón,domingo-martinez-de-irala,Domingo Martínez de Irala,/servicios/casas-alto-padron/domingo-martinez-de-irala
casas-alto-padron,Casas de Alto Padrón,santa-fe-del-parana,Santa Fe del Paraná,/servicios/casas-alto-padron/santa-fe-del-parana
casas-alto-padron,Casas de Alto Padrón,iruna,Iruña,/servicios/casas-alto-padron/iruna
casas-alto-padron,Casas de Alto Padrón,villa-ygatimi,Villa Ygatimí,/servicios/casas-alto-padron/villa-ygatimi
casas-alto-padron,Casas de Alto Padrón,francisco-caballero-alvarez,Francisco Caballero Álvarez,/servicios/casas-alto-padron/francisco-caballero-alvarez
casas-alto-padron,Casas de Alto Padrón,nueva-esperanza,Nueva Esperanza,/servicios/casas-alto-padron/nueva-esperanza
casas-alto-padron,Casas de Alto Padrón,puerto-adela,Puerto Adela,/servicios/casas-alto-padron/puerto-adela
casas-alto-padron,Casas de Alto Padrón,ypejhu,Ypejhú,/servicios/casas-alto-padron/ypejhu
casas-alto-padron,Casas de Alto Padrón,la-paloma,La Paloma,/servicios/casas-alto-padron/la-paloma
casas-alto-padron,Casas de Alto Padrón,zanja-pyta,Zanja Pytá,/servicios/casas-alto-padron/zanja-pyta
casas-alto-padron,Casas de Alto Padrón,karapa-i,Karapa'i,/servicios/casas-alto-padron/karapa-i
casas-alto-padron,Casas de Alto Padrón,cerro-cora,Cerro Corá,/servicios/casas-alto-padron/cerro-cora
casas-alto-padron,Casas de Alto Padrón,horqueta,Horqueta,/servicios/casas-alto-padron/horqueta
casas-alto-padron,Casas de Alto Padrón,san-lazaro,San Lázaro,/servicios/casas-alto-padron/san-lazaro
casas-alto-padron,Casas de Alto Padrón,repatriacion,Repatriación,/servicios/casas-alto-padron/repatriacion
casas-alto-padron,Casas de Alto Padrón,doctor-juan-eulogio-estigarribia,Doctor Juan Eulogio Estigarribia,/servicios/casas-alto-padron/doctor-juan-eulogio-estigarribia
casas-alto-padron,Casas de Alto Padrón,yhu,Yhú,/servicios/casas-alto-padron/yhu
casas-alto-padron,Casas de Alto Padrón,cambyreta,Cambyretá,/servicios/casas-alto-padron/cambyreta
casas-alto-padron,Casas de Alto Padrón,tomas-romero-pereira,Tomás Romero Pereira,/servicios/casas-alto-padron/tomas-romero-pereira
finalizacion-obras,Finalización de Obras,ciudad-del-este,Ciudad del Este,/servicios/finalizacion-obras/ciudad-del-este
finalizacion-obras,Finalización de Obras,pedro-juan-caballero,Pedro Juan Caballero,/servicios/finalizacion-obras/pedro-juan-caballero
finalizacion-obras,Finalización de Obras,coronel-oviedo,Coronel Oviedo,/servicios/finalizacion-obras/coronel-oviedo
finalizacion-obras,Finalización de Obras,presidente-franco,Presidente Franco,/servicios/finalizacion-obras/presidente-franco
finalizacion-obras,Finalización de Obras,hernandarias,Hernandarias,/servicios/finalizacion-obras/hernandarias
finalizacion-obras,Finalización de Obras,minga-guazu,Minga Guazú,/servicios/finalizacion-obras/minga-guazu
finalizacion-obras,Finalización de Obras,encarnacion,Encarnación,/servicios/finalizacion-obras/encarnacion
finalizacion-obras,Finalización de Obras,caaguazu,Caaguazú,/servicios/finalizacion-obras/caaguazu
finalizacion-obras,Finalización de Obras,concepcion,Concepción,/servicios/finalizacion-obras/concepcion
finalizacion-obras,Finalización de Obras,curuguaty,Curuguaty,/servicios/finalizacion-obras/curuguaty
finalizacion-obras,Finalización de Obras,salto-del-guaira,Salto del Guairá,/servicios/finalizacion-obras/salto-del-guaira
finalizacion-obras,Finalización de Obras,itakyry,Itakyry,/servicios/finalizacion-obras/itakyry
finalizacion-obras,Finalización de Obras,santa-rita,Santa Rita,/servicios/finalizacion-obras/santa-rita
finalizacion-obras,Finalización de Obras,capitan-bado,Capitán Bado,/servicios/finalizacion-obras/capitan-bado
finalizacion-obras,Finalización de Obras,dr-juan-leon-mallorquin,Dr. Juan León Mallorquín,/servicios/finalizacion-obras/dr-juan-leon-mallorquin
finalizacion-obras,Finalización de Obras,juan-emilio-o-leary,Juan Emilio O’Leary,/servicios/finalizacion-obras/juan-emilio-o-leary
finalizacion-obras,Finalización de Obras,bella-vista-norte,Bella Vista Norte,/servicios/finalizacion-obras/bella-vista-norte
finalizacion-obras,Finalización de Obras,minga-pora,Minga Porá,/servicios/finalizacion-obras/minga-pora
finalizacion-obras,Finalización de Obras,san-alberto,San Alberto,/servicios/finalizacion-obras/san-alberto
finalizacion-obras,Finalización de Obras,yasy-cany,Yasy Cañy,/servicios/finalizacion-obras/yasy-cany
finalizacion-obras,Finalización de Obras,corpus-christi,Corpus Christi,/servicios/finalizacion-obras/corpus-christi
finalizacion-obras,Finalización de Obras,katuete,Katueté,/servicios/finalizacion-obras/katuete
finalizacion-obras,Finalización de Obras,yguazu,Yguazú,/servicios/finalizacion-obras/yguazu
finalizacion-obras,Finalización de Obras,san-cristobal,San Cristóbal,/servicios/finalizacion-obras/san-cristobal
finalizacion-obras,Finalización de Obras,los-cedrales,Los Cedrales,/servicios/finalizacion-obras/los-cedrales
finalizacion-obras,Finalización de Obras,naranjal,Naranjal,/servicios/finalizacion-obras/naranjal
finalizacion-obras,Finalización de Obras,tavapy,Tavapy,/servicios/finalizacion-obras/tavapy
finalizacion-obras,Finalización de Obras,nacunday,Ñacunday,/servicios/finalizacion-obras/nacunday
finalizacion-obras,Finalización de Obras,mbaracayu,Mbaracayú,/servicios/finalizacion-obras/mbaracayu
finalizacion-obras,Finalización de Obras,santa-rosa-del-monday,Santa Rosa del Monday,/servicios/finalizacion-obras/santa-rosa-del-monday
finalizacion-obras,Finalización de Obras,dr-raul-pena,Dr. Raúl Peña,/servicios/finalizacion-obras/dr-raul-pena
finalizacion-obras,Finalización de Obras,domingo-martinez-de-irala,Domingo Martínez de Irala,/servicios/finalizacion-obras/domingo-martinez-de-irala
finalizacion-obras,Finalización de Obras,santa-fe-del-parana,Santa Fe del Paraná,/servicios/finalizacion-obras/santa-fe-del-parana
finalizacion-obras,Finalización de Obras,iruna,Iruña,/servicios/finalizacion-obras/iruna
finalizacion-obras,Finalización de Obras,villa-ygatimi,Villa Ygatimí,/servicios/finalizacion-obras/villa-ygatimi
finalizacion-obras,Finalización de Obras,francisco-caballero-alvarez,Francisco Caballero Álvarez,/servicios/finalizacion-obras/francisco-caballero-alvarez
finalizacion-obras,Finalización de Obras,nueva-esperanza,Nueva Esperanza,/servicios/finalizacion-obras/nueva-esperanza
finalizacion-obras,Finalización de Obras,puerto-adela,Puerto Adela,/servicios/finalizacion-obras/puerto-adela
finalizacion-obras,Finalización de Obras,ypejhu,Ypejhú,/servicios/finalizacion-obras/ypejhu
finalizacion-obras,Finalización de Obras,la-paloma,La Paloma,/servicios/finalizacion-obras/la-paloma
finalizacion-obras,Finalización de Obras,zanja-pyta,Zanja Pytá,/servicios/finalizacion-obras/zanja-pyta
finalizacion-obras,Finalización de Obras,karapa-i,Karapa'i,/servicios/finalizacion-obras/karapa-i
finalizacion-obras,Finalización de Obras,cerro-cora,Cerro Corá,/servicios/finalizacion-obras/cerro-cora
finalizacion-obras,Finalización de Obras,horqueta,Horqueta,/servicios/finalizacion-obras/horqueta
finalizacion-obras,Finalización de Obras,san-lazaro,San Lázaro,/servicios/finalizacion-obras/san-lazaro
finalizacion-obras,Finalización de Obras,repatriacion,Repatriación,/servicios/finalizacion-obras/repatriacion
finalizacion-obras,Finalización de Obras,doctor-juan-eulogio-estigarribia,Doctor Juan Eulogio Estigarribia,/servicios/finalizacion-obras/doctor-juan-eulogio-estigarribia
finalizacion-obras,Finalización de Obras,yhu,Yhú,/servicios/finalizacion-obras/yhu
finalizacion-obras,Finalización de Obras,cambyreta,Cambyretá,/servicios/finalizacion-obras/cambyreta
finalizacion-obras,Finalización de Obras,tomas-romero-pereira,Tomás Romero Pereira,/servicios/finalizacion-obras/tomas-romero-pereira
instalacion-pisos,Instalación de Pisos,ciudad-del-este,Ciudad del Este,/servicios/instalacion-pisos/ciudad-del-este
instalacion-pisos,Instalación de Pisos,pedro-juan-caballero,Pedro Juan Caballero,/servicios/instalacion-pisos/pedro-juan-caballero
instalacion-pisos,Instalación de Pisos,coronel-oviedo,Coronel Oviedo,/servicios/instalacion-pisos/coronel-oviedo
instalacion-pisos,Instalación de Pisos,presidente-franco,Presidente Franco,/servicios/instalacion-pisos/presidente-franco
instalacion-pisos,Instalación de Pisos,hernandarias,Hernandarias,/servicios/instalacion-pisos/hernandarias
instalacion-pisos,Instalación de Pisos,minga-guazu,Minga Guazú,/servicios/instalacion-pisos/minga-guazu
instalacion-pisos,Instalación de Pisos,encarnacion,Encarnación,/servicios/instalacion-pisos/encarnacion
instalacion-pisos,Instalación de Pisos,caaguazu,Caaguazú,/servicios/instalacion-pisos/caaguazu
instalacion-pisos,Instalación de Pisos,concepcion,Concepción,/servicios/instalacion-pisos/concepcion
instalacion-pisos,Instalación de Pisos,curuguaty,Curuguaty,/servicios/instalacion-pisos/curuguaty
instalacion-pisos,Instalación de Pisos,salto-del-guaira,Salto del Guairá,/servicios/instalacion-pisos/salto-del-guaira
instalacion-pisos,Instalación de Pisos,itakyry,Itakyry,/servicios/instalacion-pisos/itakyry
instalacion-pisos,Instalación de Pisos,santa-rita,Santa Rita,/servicios/instalacion-pisos/santa-rita
instalacion-pisos,Instalación de Pisos,capitan-bado,Capitán Bado,/servicios/instalacion-pisos/capitan-bado
instalacion-pisos,Instalación de Pisos,dr-juan-leon-mallorquin,Dr. Juan León Mallorquín,/servicios/instalacion-pisos/dr-juan-leon-mallorquin
instalacion-pisos,Instalación de Pisos,juan-emilio-o-leary,Juan Emilio O’Leary,/servicios/instalacion-pisos/juan-emilio-o-leary
instalacion-pisos,Instalación de Pisos,bella-vista-norte,Bella Vista Norte,/servicios/instalacion-pisos/bella-vista-norte
instalacion-pisos,Instalación de Pisos,minga-pora,Minga Porá,/servicios/instalacion-pisos/minga-pora
instalacion-pisos,Instalación de Pisos,san-alberto,San Alberto,/servicios/instalacion-pisos/san-alberto
instalacion-pisos,Instalación de Pisos,yasy-cany,Yasy Cañy,/servicios/instalacion-pisos/yasy-cany
instalacion-pisos,Instalación de Pisos,corpus-christi,Corpus Christi,/servicios/instalacion-pisos/corpus-christi
instalacion-pisos,Instalación de Pisos,katuete,Katueté,/servicios/instalacion-pisos/katuete
instalacion-pisos,Instalación de Pisos,yguazu,Yguazú,/servicios/instalacion-pisos/yguazu
instalacion-pisos,Instalación de Pisos,san-cristobal,San Cristóbal,/servicios/instalacion-pisos/san-cristobal
instalacion-pisos,Instalación de Pisos,los-cedrales,Los Cedrales,/servicios/instalacion-pisos/los-cedrales
instalacion-pisos,Instalación de Pisos,naranjal,Naranjal,/servicios/instalacion-pisos/naranjal
instalacion-pisos,Instalación de Pisos,tavapy,Tavapy,/servicios/instalacion-pisos/tavapy
instalacion-pisos,Instalación de Pisos,nacunday,Ñacunday,/servicios/instalacion-pisos/nacunday
instalacion-pisos,Instalación de Pisos,mbaracayu,Mbaracayú,/servicios/instalacion-pisos/mbaracayu
instalacion-pisos,Instalación de Pisos,santa-rosa-del-monday,Santa Rosa del Monday,/servicios/instalacion-pisos/santa-rosa-del-monday
instalacion-pisos,Instalación de Pisos,dr-raul-pena,Dr. Raúl Peña,/servicios/instalacion-pisos/dr-raul-pena
instalacion-pisos,Instalación de Pisos,domingo-martinez-de-irala,Domingo Martínez de Irala,/servicios/instalacion-pisos/domingo-martinez-de-irala
instalacion-pisos,Instalación de Pisos,santa-fe-del-parana,Santa Fe del Paraná,/servicios/instalacion-pisos/santa-fe-del-parana
instalacion-pisos,Instalación de Pisos,iruna,Iruña,/servicios/instalacion-pisos/iruna
instalacion-pisos,Instalación de Pisos,villa-ygatimi,Villa Ygatimí,/servicios/instalacion-pisos/villa-ygatimi
instalacion-pisos,Instalación de Pisos,francisco-caballero-alvarez,Francisco Caballero Álvarez,/servicios/instalacion-pisos/francisco-caballero-alvarez
instalacion-pisos,Instalación de Pisos,nueva-esperanza,Nueva Esperanza,/servicios/instalacion-pisos/nueva-esperanza
instalacion-pisos,Instalación de Pisos,puerto-adela,Puerto Adela,/servicios/instalacion-pisos/puerto-adela
instalacion-pisos,Instalación de Pisos,ypejhu,Ypejhú,/servicios/instalacion-pisos/ypejhu
instalacion-pisos,Instalación de Pisos,la-paloma,La Paloma,/servicios/instalacion-pisos/la-paloma
instalacion-pisos,Instalación de Pisos,zanja-pyta,Zanja Pytá,/servicios/instalacion-pisos/zanja-pyta
instalacion-pisos,Instalación de Pisos,karapa-i,Karapa'i,/servicios/instalacion-pisos/karapa-i
instalacion-pisos,Instalación de Pisos,cerro-cora,Cerro Corá,/servicios/instalacion-pisos/cerro-cora
instalacion-pisos,Instalación de Pisos,horqueta,Horqueta,/servicios/instalacion-pisos/horqueta
instalacion-pisos,Instalación de Pisos,san-lazaro,San Lázaro,/servicios/instalacion-pisos/san-lazaro
instalacion-pisos,Instalación de Pisos,repatriacion,Repatriación,/servicios/instalacion-pisos/repatriacion
instalacion-pisos,Instalación de Pisos,doctor-juan-eulogio-estigarribia,Doctor Juan Eulogio Estigarribia,/servicios/instalacion-pisos/doctor-juan-eulogio-estigarribia
instalacion-pisos,Instalación de Pisos,yhu,Yhú,/servicios/instalacion-pisos/yhu
instalacion-pisos,Instalación de Pisos,cambyreta,Cambyretá,/servicios/instalacion-pisos/cambyreta
instalacion-pisos,Instalación de Pisos,tomas-romero-pereira,Tomás Romero Pereira,/servicios/instalacion-pisos/tomas-romero-pereira
construccion-banos,Construcción de Baños,ciudad-del-este,Ciudad del Este,/servicios/construccion-banos/ciudad-del-este
construccion-banos,Construcción de Baños,pedro-juan-caballero,Pedro Juan Caballero,/servicios/construccion-banos/pedro-juan-caballero
construccion-banos,Construcción de Baños,coronel-oviedo,Coronel Oviedo,/servicios/construccion-banos/coronel-oviedo
construccion-banos,Construcción de Baños,presidente-franco,Presidente Franco,/servicios/construccion-banos/presidente-franco
construccion-banos,Construcción de Baños,hernandarias,Hernandarias,/servicios/construccion-banos/hernandarias
construccion-banos,Construcción de Baños,minga-guazu,Minga Guazú,/servicios/construccion-banos/minga-guazu
construccion-banos,Construcción de Baños,encarnacion,Encarnación,/servicios/construccion-banos/encarnacion
construccion-banos,Construcción de Baños,caaguazu,Caaguazú,/servicios/construccion-banos/caaguazu
construccion-banos,Construcción de Baños,concepcion,Concepción,/servicios/construccion-banos/concepcion
construccion-banos,Construcción de Baños,curuguaty,Curuguaty,/servicios/construccion-banos/curuguaty
construccion-banos,Construcción de Baños,salto-del-guaira,Salto del Guairá,/servicios/construccion-banos/salto-del-guaira
construccion-banos,Construcción de Baños,itakyry,Itakyry,/servicios/construccion-banos/itakyry
construccion-banos,Construcción de Baños,santa-rita,Santa Rita,/servicios/construccion-banos/santa-rita
construccion-banos,Construcción de Baños,capitan-bado,Capitán Bado,/servicios/construccion-banos/capitan-bado
construccion-banos,Construcción de Baños,dr-juan-leon-mallorquin,Dr. Juan León Mallorquín,/servicios/construccion-banos/dr-juan-leon-mallorquin
construccion-banos,Construcción de Baños,juan-emilio-o-leary,Juan Emilio O’Leary,/servicios/construccion-banos/juan-emilio-o-leary
construccion-banos,Construcción de Baños,bella-vista-norte,Bella Vista Norte,/servicios/construccion-banos/bella-vista-norte
construccion-banos,Construcción de Baños,minga-pora,Minga Porá,/servicios/construccion-banos/minga-pora
construccion-banos,Construcción de Baños,san-alberto,San Alberto,/servicios/construccion-banos/san-alberto
construccion-banos,Construcción de Baños,yasy-cany,Yasy Cañy,/servicios/construccion-banos/yasy-cany
construccion-banos,Construcción de Baños,corpus-christi,Corpus Christi,/servicios/construccion-banos/corpus-christi
construccion-banos,Construcción de Baños,katuete,Katueté,/servicios/construccion-banos/katuete
construccion-banos,Construcción de Baños,yguazu,Yguazú,/servicios/construccion-banos/yguazu
construccion-banos,Construcción de Baños,san-cristobal,San Cristóbal,/servicios/construccion-banos/san-cristobal
construccion-banos,Construcción de Baños,los-cedrales,Los Cedrales,/servicios/construccion-banos/los-cedrales
construccion-banos,Construcción de Baños,naranjal,Naranjal,/servicios/construccion-banos/naranjal
construccion-banos,Construcción de Baños,tavapy,Tavapy,/servicios/construccion-banos/tavapy
construccion-banos,Construcción de Baños,nacunday,Ñacunday,/servicios/construccion-banos/nacunday
construccion-banos,Construcción de Baños,mbaracayu,Mbaracayú,/servicios/construccion-banos/mbaracayu
construccion-banos,Construcción de Baños,santa-rosa-del-monday,Santa Rosa del Monday,/servicios/construccion-banos/santa-rosa-del-monday
construccion-banos,Construcción de Baños,dr-raul-pena,Dr. Raúl Peña,/servicios/construccion-banos/dr-raul-pena
construccion-banos,Construcción de Baños,domingo-martinez-de-irala,Domingo Martínez de Irala,/servicios/construccion-banos/domingo-martinez-de-irala
construccion-banos,Construcción de Baños,santa-fe-del-parana,Santa Fe del Paraná,/servicios/construccion-banos/santa-fe-del-parana
construccion-banos,Construcción de Baños,iruna,Iruña,/servicios/construccion-banos/iruna
construccion-banos,Construcción de Baños,villa-ygatimi,Villa Ygatimí,/servicios/construccion-banos/villa-ygatimi
construccion-banos,Construcción de Baños,francisco-caballero-alvarez,Francisco Caballero Álvarez,/servicios/construccion-banos/francisco-caballero-alvarez
construccion-banos,Construcción de Baños,nueva-esperanza,Nueva Esperanza,/servicios/construccion-banos/nueva-esperanza
construccion-banos,Construcción de Baños,puerto-adela,Puerto Adela,/servicios/construccion-banos/puerto-adela
construccion-banos,Construcción de Baños,ypejhu,Ypejhú,/servicios/construccion-banos/ypejhu
construccion-banos,Construcción de Baños,la-paloma,La Paloma,/servicios/construccion-banos/la-paloma
construccion-banos,Construcción de Baños,zanja-pyta,Zanja Pytá,/servicios/construccion-banos/zanja-pyta
construccion-banos,Construcción de Baños,karapa-i,Karapa'i,/servicios/construccion-banos/karapa-i
construccion-banos,Construcción de Baños,cerro-cora,Cerro Corá,/servicios/construccion-banos/cerro-cora
construccion-banos,Construcción de Baños,horqueta,Horqueta,/servicios/construccion-banos/horqueta
construccion-banos,Construcción de Baños,san-lazaro,San Lázaro,/servicios/construccion-banos/san-lazaro
construccion-banos,Construcción de Baños,repatriacion,Repatriación,/servicios/construccion-banos/repatriacion
construccion-banos,Construcción de Baños,doctor-juan-eulogio-estigarribia,Doctor Juan Eulogio Estigarribia,/servicios/construccion-banos/doctor-juan-eulogio-estigarribia
construccion-banos,Construcción de Baños,yhu,Yhú,/servicios/construccion-banos/yhu
construccion-banos,Construcción de Baños,cambyreta,Cambyretá,/servicios/construccion-banos/cambyreta
construccion-banos,Construcción de Baños,tomas-romero-pereira,Tomás Romero Pereira,/servicios/construccion-banos/tomas-romero-pereira
construccion-churrasqueras,Construcción de Churrasqueras,ciudad-del-este,Ciudad del Este,/servicios/construccion-churrasqueras/ciudad-del-este
construccion-churrasqueras,Construcción de Churrasqueras,pedro-juan-caballero,Pedro Juan Caballero,/servicios/construccion-churrasqueras/pedro-juan-caballero
construccion-churrasqueras,Construcción de Churrasqueras,coronel-oviedo,Coronel Oviedo,/servicios/construccion-churrasqueras/coronel-oviedo
construccion-churrasqueras,Construcción de Churrasqueras,presidente-franco,Presidente Franco,/servicios/construccion-churrasqueras/presidente-franco
construccion-churrasqueras,Construcción de Churrasqueras,hernandarias,Hernandarias,/servicios/construccion-churrasqueras/hernandarias
construccion-churrasqueras,Construcción de Churrasqueras,minga-guazu,Minga Guazú,/servicios/construccion-churrasqueras/minga-guazu
construccion-churrasqueras,Construcción de Churrasqueras,encarnacion,Encarnación,/servicios/construccion-churrasqueras/encarnacion
construccion-churrasqueras,Construcción de Churrasqueras,caaguazu,Caaguazú,/servicios/construccion-churrasqueras/caaguazu
construccion-churrasqueras,Construcción de Churrasqueras,concepcion,Concepción,/servicios/construccion-churrasqueras/concepcion
construccion-churrasqueras,Construcción de Churrasqueras,curuguaty,Curuguaty,/servicios/construccion-churrasqueras/curuguaty
construccion-churrasqueras,Construcción de Churrasqueras,salto-del-guaira,Salto del Guairá,/servicios/construccion-churrasqueras/salto-del-guaira
construccion-churrasqueras,Construcción de Churrasqueras,itakyry,Itakyry,/servicios/construccion-churrasqueras/itakyry
construccion-churrasqueras,Construcción de Churrasqueras,santa-rita,Santa Rita,/servicios/construccion-churrasqueras/santa-rita
construccion-churrasqueras,Construcción de Churrasqueras,capitan-bado,Capitán Bado,/servicios/construccion-churrasqueras/capitan-bado
construccion-churrasqueras,Construcción de Churrasqueras,dr-juan-leon-mallorquin,Dr. Juan León Mallorquín,/servicios/construccion-churrasqueras/dr-juan-leon-mallorquin
construccion-churrasqueras,Construcción de Churrasqueras,juan-emilio-o-leary,Juan Emilio O’Leary,/servicios/construccion-churrasqueras/juan-emilio-o-leary
construccion-churrasqueras,Construcción de Churrasqueras,bella-vista-norte,Bella Vista Norte,/servicios/construccion-churrasqueras/bella-vista-norte
construccion-churrasqueras,Construcción de Churrasqueras,minga-pora,Minga Porá,/servicios/construccion-churrasqueras/minga-pora
construccion-churrasqueras,Construcción de Churrasqueras,san-alberto,San Alberto,/servicios/construccion-churrasqueras/san-alberto
construccion-churrasqueras,Construcción de Churrasqueras,yasy-cany,Yasy Cañy,/servicios/construccion-churrasqueras/yasy-cany
construccion-churrasqueras,Construcción de Churrasqueras,corpus-christi,Corpus Christi,/servicios/construccion-churrasqueras/corpus-christi
construccion-churrasqueras,Construcción de Churrasqueras,katuete,Katueté,/servicios/construccion-churrasqueras/katuete
construccion-churrasqueras,Construcción de Churrasqueras,yguazu,Yguazú,/servicios/construccion-churrasqueras/yguazu
construccion-churrasqueras,Construcción de Churrasqueras,san-cristobal,San Cristóbal,/servicios/construccion-churrasqueras/san-cristobal
construccion-churrasqueras,Construcción de Churrasqueras,los-cedrales,Los Cedrales,/servicios/construccion-churrasqueras/los-cedrales
construccion-churrasqueras,Construcción de Churrasqueras,naranjal,Naranjal,/servicios/construccion-churrasqueras/naranjal
construccion-churrasqueras,Construcción de Churrasqueras,tavapy,Tavapy,/servicios/construccion-churrasqueras/tavapy
construccion-churrasqueras,Construcción de Churrasqueras,nacunday,Ñacunday,/servicios/construccion-churrasqueras/nacunday
construccion-churrasqueras,Construcción de Churrasqueras,mbaracayu,Mbaracayú,/servicios/construccion-churrasqueras/mbaracayu
construccion-churrasqueras,Construcción de Churrasqueras,santa-rosa-del-monday,Santa Rosa del Monday,/servicios/construccion-churrasqueras/santa-rosa-del-monday
construccion-churrasqueras,Construcción de Churrasqueras,dr-raul-pena,Dr. Raúl Peña,/servicios/construccion-churrasqueras/dr-raul-pena
construccion-churrasqueras,Construcción de Churrasqueras,domingo-martinez-de-irala,Domingo Martínez de Irala,/servicios/construccion-churrasqueras/domingo-martinez-de-irala
construccion-churrasqueras,Construcción de Churrasqueras,santa-fe-del-parana,Santa Fe del Paraná,/servicios/construccion-churrasqueras/santa-fe-del-parana
construccion-churrasqueras,Construcción de Churrasqueras,iruna,Iruña,/servicios/construccion-churrasqueras/iruna
construccion-churrasqueras,Construcción de Churrasqueras,villa-ygatimi,Villa Ygatimí,/servicios/construccion-churrasqueras/villa-ygatimi
construccion-churrasqueras,Construcción de Churrasqueras,francisco-caballero-alvarez,Francisco Caballero Álvarez,/servicios/construccion-churrasqueras/francisco-caballero-alvarez
construccion-churrasqueras,Construcción de Churrasqueras,nueva-esperanza,Nueva Esperanza,/servicios/construccion-churrasqueras/nueva-esperanza
construccion-churrasqueras,Construcción de Churrasqueras,puerto-adela,Puerto Adela,/servicios/construccion-churrasqueras/puerto-adela
construccion-churrasqueras,Construcción de Churrasqueras,ypejhu,Ypejhú,/servicios/construccion-churrasqueras/ypejhu
construccion-churrasqueras,Construcción de Churrasqueras,la-paloma,La Paloma,/servicios/construccion-churrasqueras/la-paloma
construccion-churrasqueras,Construcción de Churrasqueras,zanja-pyta,Zanja Pytá,/servicios/construccion-churrasqueras/zanja-pyta
construccion-churrasqueras,Construcción de Churrasqueras,karapa-i,Karapa'i,/servicios/construccion-churrasqueras/karapa-i
construccion-churrasqueras,Construcción de Churrasqueras,cerro-cora,Cerro Corá,/servicios/construccion-churrasqueras/cerro-cora
construccion-churrasqueras,Construcción de Churrasqueras,horqueta,Horqueta,/servicios/construccion-churrasqueras/horqueta
construccion-churrasqueras,Construcción de Churrasqueras,san-lazaro,San Lázaro,/servicios/construccion-churrasqueras/san-lazaro
construccion-churrasqueras,Construcción de Churrasqueras,repatriacion,Repatriación,/servicios/construccion-churrasqueras/repatriacion
construccion-churrasqueras,Construcción de Churrasqueras,doctor-juan-eulogio-estigarribia,Doctor Juan Eulogio Estigarribia,/servicios/construccion-churrasqueras/doctor-juan-eulogio-estigarribia
construccion-churrasqueras,Construcción de Churrasqueras,yhu,Yhú,/servicios/construccion-churrasqueras/yhu
construccion-churrasqueras,Construcción de Churrasqueras,cambyreta,Cambyretá,/servicios/construccion-churrasqueras/cambyreta
construccion-churrasqueras,Construcción de Churrasqueras,tomas-romero-pereira,Tomás Romero Pereira,/servicios/construccion-churrasqueras/tomas-romero-pereira
construccion-techos,Construcción de Techos,ciudad-del-este,Ciudad del Este,/servicios/construccion-techos/ciudad-del-este
construccion-techos,Construcción de Techos,pedro-juan-caballero,Pedro Juan Caballero,/servicios/construccion-techos/pedro-juan-caballero
construccion-techos,Construcción de Techos,coronel-oviedo,Coronel Oviedo,/servicios/construccion-techos/coronel-oviedo
construccion-techos,Construcción de Techos,presidente-franco,Presidente Franco,/servicios/construccion-techos/presidente-franco
construccion-techos,Construcción de Techos,hernandarias,Hernandarias,/servicios/construccion-techos/hernandarias
construccion-techos,Construcción de Techos,minga-guazu,Minga Guazú,/servicios/construccion-techos/minga-guazu
construccion-techos,Construcción de Techos,encarnacion,Encarnación,/servicios/construccion-techos/encarnacion
construccion-techos,Construcción de Techos,caaguazu,Caaguazú,/servicios/construccion-techos/caaguazu
construccion-techos,Construcción de Techos,concepcion,Concepción,/servicios/construccion-techos/concepcion
construccion-techos,Construcción de Techos,curuguaty,Curuguaty,/servicios/construccion-techos/curuguaty
construccion-techos,Construcción de Techos,salto-del-guaira,Salto del Guairá,/servicios/construccion-techos/salto-del-guaira
construccion-techos,Construcción de Techos,itakyry,Itakyry,/servicios/construccion-techos/itakyry
construccion-techos,Construcción de Techos,santa-rita,Santa Rita,/servicios/construccion-techos/santa-rita
construccion-techos,Construcción de Techos,capitan-bado,Capitán Bado,/servicios/construccion-techos/capitan-bado
construccion-techos,Construcción de Techos,dr-juan-leon-mallorquin,Dr. Juan León Mallorquín,/servicios/construccion-techos/dr-juan-leon-mallorquin
construccion-techos,Construcción de Techos,juan-emilio-o-leary,Juan Emilio O’Leary,/servicios/construccion-techos/juan-emilio-o-leary
construccion-techos,Construcción de Techos,bella-vista-norte,Bella Vista Norte,/servicios/construccion-techos/bella-vista-norte
construccion-techos,Construcción de Techos,minga-pora,Minga Porá,/servicios/construccion-techos/minga-pora
construccion-techos,Construcción de Techos,san-alberto,San Alberto,/servicios/construccion-techos/san-alberto
construccion-techos,Construcción de Techos,yasy-cany,Yasy Cañy,/servicios/construccion-techos/yasy-cany
construccion-techos,Construcción de Techos,corpus-christi,Corpus Christi,/servicios/construccion-techos/corpus-christi
construccion-techos,Construcción de Techos,katuete,Katueté,/servicios/construccion-techos/katuete
construccion-techos,Construcción de Techos,yguazu,Yguazú,/servicios/construccion-techos/yguazu
construccion-techos,Construcción de Techos,san-cristobal,San Cristóbal,/servicios/construccion-techos/san-cristobal
construccion-techos,Construcción de Techos,los-cedrales,Los Cedrales,/servicios/construccion-techos/los-cedrales
construccion-techos,Construcción de Techos,naranjal,Naranjal,/servicios/construccion-techos/naranjal
construccion-techos,Construcción de Techos,tavapy,Tavapy,/servicios/construccion-techos/tavapy
construccion-techos,Construcción de Techos,nacunday,Ñacunday,/servicios/construccion-techos/nacunday
construccion-techos,Construcción de Techos,mbaracayu,Mbaracayú,/servicios/construccion-techos/mbaracayu
construccion-techos,Construcción de Techos,santa-rosa-del-monday,Santa Rosa del Monday,/servicios/construccion-techos/santa-rosa-del-monday
construccion-techos,Construcción de Techos,dr-raul-pena,Dr. Raúl Peña,/servicios/construccion-techos/dr-raul-pena
construccion-techos,Construcción de Techos,domingo-martinez-de-irala,Domingo Martínez de Irala,/servicios/construccion-techos/domingo-martinez-de-irala
construccion-techos,Construcción de Techos,santa-fe-del-parana,Santa Fe del Paraná,/servicios/construccion-techos/santa-fe-del-parana
construccion-techos,Construcción de Techos,iruna,Iruña,/servicios/construccion-techos/iruna
construccion-techos,Construcción de Techos,villa-ygatimi,Villa Ygatimí,/servicios/construccion-techos/villa-ygatimi
construccion-techos,Construcción de Techos,francisco-caballero-alvarez,Francisco Caballero Álvarez,/servicios/construccion-techos/francisco-caballero-alvarez
construccion-techos,Construcción de Techos,nueva-esperanza,Nueva Esperanza,/servicios/construccion-techos/nueva-esperanza
construccion-techos,Construcción de Techos,puerto-adela,Puerto Adela,/servicios/construccion-techos/puerto-adela
construccion-techos,Construcción de Techos,ypejhu,Ypejhú,/servicios/construccion-techos/ypejhu
construccion-techos,Construcción de Techos,la-paloma,La Paloma,/servicios/construccion-techos/la-paloma
construccion-techos,Construcción de Techos,zanja-pyta,Zanja Pytá,/servicios/construccion-techos/zanja-pyta
construccion-techos,Construcción de Techos,karapa-i,Karapa'i,/servicios/construccion-techos/karapa-i
construccion-techos,Construcción de Techos,cerro-cora,Cerro Corá,/servicios/construccion-techos/cerro-cora
construccion-techos,Construcción de Techos,horqueta,Horqueta,/servicios/construccion-techos/horqueta
construccion-techos,Construcción de Techos,san-lazaro,San Lázaro,/servicios/construccion-techos/san-lazaro
construccion-techos,Construcción de Techos,repatriacion,Repatriación,/servicios/construccion-techos/repatriacion
construccion-techos,Construcción de Techos,doctor-juan-eulogio-estigarribia,Doctor Juan Eulogio Estigarribia,/servicios/construccion-techos/doctor-juan-eulogio-estigarribia
construccion-techos,Construcción de Techos,yhu,Yhú,/servicios/construccion-techos/yhu
construccion-techos,Construcción de Techos,cambyreta,Cambyretá,/servicios/construccion-techos/cambyreta
construccion-techos,Construcción de Techos,tomas-romero-pereira,Tomás Romero Pereira,/servicios/construccion-techos/tomas-romero-pereira
construccion-isopanel,Construcción con Isopanel,ciudad-del-este,Ciudad del Este,/servicios/construccion-isopanel/ciudad-del-este
construccion-isopanel,Construcción con Isopanel,pedro-juan-caballero,Pedro Juan Caballero,/servicios/construccion-isopanel/pedro-juan-caballero
construccion-isopanel,Construcción con Isopanel,coronel-oviedo,Coronel Oviedo,/servicios/construccion-isopanel/coronel-oviedo
construccion-isopanel,Construcción con Isopanel,presidente-franco,Presidente Franco,/servicios/construccion-isopanel/presidente-franco
construccion-isopanel,Construcción con Isopanel,hernandarias,Hernandarias,/servicios/construccion-isopanel/hernandarias
construccion-isopanel,Construcción con Isopanel,minga-guazu,Minga Guazú,/servicios/construccion-isopanel/minga-guazu
construccion-isopanel,Construcción con Isopanel,encarnacion,Encarnación,/servicios/construccion-isopanel/encarnacion
construccion-isopanel,Construcción con Isopanel,caaguazu,Caaguazú,/servicios/construccion-isopanel/caaguazu
construccion-isopanel,Construcción con Isopanel,concepcion,Concepción,/servicios/construccion-isopanel/concepcion
construccion-isopanel,Construcción con Isopanel,curuguaty,Curuguaty,/servicios/construccion-isopanel/curuguaty
construccion-isopanel,Construcción con Isopanel,salto-del-guaira,Salto del Guairá,/servicios/construccion-isopanel/salto-del-guaira
construccion-isopanel,Construcción con Isopanel,itakyry,Itakyry,/servicios/construccion-isopanel/itakyry
construccion-isopanel,Construcción con Isopanel,santa-rita,Santa Rita,/servicios/construccion-isopanel/santa-rita
construccion-isopanel,Construcción con Isopanel,capitan-bado,Capitán Bado,/servicios/construccion-isopanel/capitan-bado
construccion-isopanel,Construcción con Isopanel,dr-juan-leon-mallorquin,Dr. Juan León Mallorquín,/servicios/construccion-isopanel/dr-juan-leon-mallorquin
construccion-isopanel,Construcción con Isopanel,juan-emilio-o-leary,Juan Emilio O’Leary,/servicios/construccion-isopanel/juan-emilio-o-leary
construccion-isopanel,Construcción con Isopanel,bella-vista-norte,Bella Vista Norte,/servicios/construccion-isopanel/bella-vista-norte
construccion-isopanel,Construcción con Isopanel,minga-pora,Minga Porá,/servicios/construccion-isopanel/minga-pora
construccion-isopanel,Construcción con Isopanel,san-alberto,San Alberto,/servicios/construccion-isopanel/san-alberto
construccion-isopanel,Construcción con Isopanel,yasy-cany,Yasy Cañy,/servicios/construccion-isopanel/yasy-cany
construccion-isopanel,Construcción con Isopanel,corpus-christi,Corpus Christi,/servicios/construccion-isopanel/corpus-christi
construccion-isopanel,Construcción con Isopanel,katuete,Katueté,/servicios/construccion-isopanel/katuete
construccion-isopanel,Construcción con Isopanel,yguazu,Yguazú,/servicios/construccion-isopanel/yguazu
construccion-isopanel,Construcción con Isopanel,san-cristobal,San Cristóbal,/servicios/construccion-isopanel/san-cristobal
construccion-isopanel,Construcción con Isopanel,los-cedrales,Los Cedrales,/servicios/construccion-isopanel/los-cedrales
construccion-isopanel,Construcción con Isopanel,naranjal,Naranjal,/servicios/construccion-isopanel/naranjal
construccion-isopanel,Construcción con Isopanel,tavapy,Tavapy,/servicios/construccion-isopanel/tavapy
construccion-isopanel,Construcción con Isopanel,nacunday,Ñacunday,/servicios/construccion-isopanel/nacunday
construccion-isopanel,Construcción con Isopanel,mbaracayu,Mbaracayú,/servicios/construccion-isopanel/mbaracayu
construccion-isopanel,Construcción con Isopanel,santa-rosa-del-monday,Santa Rosa del Monday,/servicios/construccion-isopanel/santa-rosa-del-monday
construccion-isopanel,Construcción con Isopanel,dr-raul-pena,Dr. Raúl Peña,/servicios/construccion-isopanel/dr-raul-pena
construccion-isopanel,Construcción con Isopanel,domingo-martinez-de-irala,Domingo Martínez de Irala,/servicios/construccion-isopanel/domingo-martinez-de-irala
construccion-isopanel,Construcción con Isopanel,santa-fe-del-parana,Santa Fe del Paraná,/servicios/construccion-isopanel/santa-fe-del-parana
construccion-isopanel,Construcción con Isopanel,iruna,Iruña,/servicios/construccion-isopanel/iruna
construccion-isopanel,Construcción con Isopanel,villa-ygatimi,Villa Ygatimí,/servicios/construccion-isopanel/villa-ygatimi
construccion-isopanel,Construcción con Isopanel,francisco-caballero-alvarez,Francisco Caballero Álvarez,/servicios/construccion-isopanel/francisco-caballero-alvarez
construccion-isopanel,Construcción con Isopanel,nueva-esperanza,Nueva Esperanza,/servicios/construccion-isopanel/nueva-esperanza
construccion-isopanel,Construcción con Isopanel,puerto-adela,Puerto Adela,/servicios/construccion-isopanel/puerto-adela
construccion-isopanel,Construcción con Isopanel,ypejhu,Ypejhú,/servicios/construccion-isopanel/ypejhu
construccion-isopanel,Construcción con Isopanel,la-paloma,La Paloma,/servicios/construccion-isopanel/la-paloma
construccion-isopanel,Construcción con Isopanel,zanja-pyta,Zanja Pytá,/servicios/construccion-isopanel/zanja-pyta
construccion-isopanel,Construcción con Isopanel,karapa-i,Karapa'i,/servicios/construccion-isopanel/karapa-i
construccion-isopanel,Construcción con Isopanel,cerro-cora,Cerro Corá,/servicios/construccion-isopanel/cerro-cora
construccion-isopanel,Construcción con Isopanel,horqueta,Horqueta,/servicios/construccion-isopanel/horqueta
construccion-isopanel,Construcción con Isopanel,san-lazaro,San Lázaro,/servicios/construccion-isopanel/san-lazaro
construccion-isopanel,Construcción con Isopanel,repatriacion,Repatriación,/servicios/construccion-isopanel/repatriacion
construccion-isopanel,Construcción con Isopanel,doctor-juan-eulogio-estigarribia,Doctor Juan Eulogio Estigarribia,/servicios/construccion-isopanel/doctor-juan-eulogio-estigarribia
construccion-isopanel,Construcción con Isopanel,yhu,Yhú,/servicios/construccion-isopanel/yhu
construccion-isopanel,Construcción con Isopanel,cambyreta,Cambyretá,/servicios/construccion-isopanel/cambyreta
construccion-isopanel,Construcción con Isopanel,tomas-romero-pereira,Tomás Romero Pereira,/servicios/construccion-isopanel/tomas-romero-pereira
techos-isopanel,Construcción de Techos con Isopanel,ciudad-del-este,Ciudad del Este,/servicios/techos-isopanel/ciudad-del-este
techos-isopanel,Construcción de Techos con Isopanel,pedro-juan-caballero,Pedro Juan Caballero,/servicios/techos-isopanel/pedro-juan-caballero
techos-isopanel,Construcción de Techos con Isopanel,coronel-oviedo,Coronel Oviedo,/servicios/techos-isopanel/coronel-oviedo
techos-isopanel,Construcción de Techos con Isopanel,presidente-franco,Presidente Franco,/servicios/techos-isopanel/presidente-franco
techos-isopanel,Construcción de Techos con Isopanel,hernandarias,Hernandarias,/servicios/techos-isopanel/hernandarias
techos-isopanel,Construcción de Techos con Isopanel,minga-guazu,Minga Guazú,/servicios/techos-isopanel/minga-guazu
techos-isopanel,Construcción de Techos con Isopanel,encarnacion,Encarnación,/servicios/techos-isopanel/encarnacion
techos-isopanel,Construcción de Techos con Isopanel,caaguazu,Caaguazú,/servicios/techos-isopanel/caaguazu
techos-isopanel,Construcción de Techos con Isopanel,concepcion,Concepción,/servicios/techos-isopanel/concepcion
techos-isopanel,Construcción de Techos con Isopanel,curuguaty,Curuguaty,/servicios/techos-isopanel/curuguaty
techos-isopanel,Construcción de Techos con Isopanel,salto-del-guaira,Salto del Guairá,/servicios/techos-isopanel/salto-del-guaira
techos-isopanel,Construcción de Techos con Isopanel,itakyry,Itakyry,/servicios/techos-isopanel/itakyry
techos-isopanel,Construcción de Techos con Isopanel,santa-rita,Santa Rita,/servicios/techos-isopanel/santa-rita
techos-isopanel,Construcción de Techos con Isopanel,capitan-bado,Capitán Bado,/servicios/techos-isopanel/capitan-bado
techos-isopanel,Construcción de Techos con Isopanel,dr-juan-leon-mallorquin,Dr. Juan León Mallorquín,/servicios/techos-isopanel/dr-juan-leon-mallorquin
techos-isopanel,Construcción de Techos con Isopanel,juan-emilio-o-leary,Juan Emilio O’Leary,/servicios/techos-isopanel/juan-emilio-o-leary
techos-isopanel,Construcción de Techos con Isopanel,bella-vista-norte,Bella Vista Norte,/servicios/techos-isopanel/bella-vista-norte
techos-isopanel,Construcción de Techos con Isopanel,minga-pora,Minga Porá,/servicios/techos-isopanel/minga-pora
techos-isopanel,Construcción de Techos con Isopanel,san-alberto,San Alberto,/servicios/techos-isopanel/san-alberto
techos-isopanel,Construcción de Techos con Isopanel,yasy-cany,Yasy Cañy,/servicios/techos-isopanel/yasy-cany
techos-isopanel,Construcción de Techos con Isopanel,corpus-christi,Corpus Christi,/servicios/techos-isopanel/corpus-christi
techos-isopanel,Construcción de Techos con Isopanel,katuete,Katueté,/servicios/techos-isopanel/katuete
techos-isopanel,Construcción de Techos con Isopanel,yguazu,Yguazú,/servicios/techos-isopanel/yguazu
techos-isopanel,Construcción de Techos con Isopanel,san-cristobal,San Cristóbal,/servicios/techos-isopanel/san-cristobal
techos-isopanel,Construcción de Techos con Isopanel,los-cedrales,Los Cedrales,/servicios/techos-isopanel/los-cedrales
techos-isopanel,Construcción de Techos con Isopanel,naranjal,Naranjal,/servicios/techos-isopanel/naranjal
techos-isopanel,Construcción de Techos con Isopanel,tavapy,Tavapy,/servicios/techos-isopanel/tavapy
techos-isopanel,Construcción de Techos con Isopanel,nacunday,Ñacunday,/servicios/techos-isopanel/nacunday
techos-isopanel,Construcción de Techos con Isopanel,mbaracayu,Mbaracayú,/servicios/techos-isopanel/mbaracayu
techos-isopanel,Construcción de Techos con Isopanel,santa-rosa-del-monday,Santa Rosa del Monday,/servicios/techos-isopanel/santa-rosa-del-monday
techos-isopanel,Construcción de Techos con Isopanel,dr-raul-pena,Dr. Raúl Peña,/servicios/techos-isopanel/dr-raul-pena
techos-isopanel,Construcción de Techos con Isopanel,domingo-martinez-de-irala,Domingo Martínez de Irala,/servicios/techos-isopanel/domingo-martinez-de-irala
techos-isopanel,Construcción de Techos con Isopanel,santa-fe-del-parana,Santa Fe del Paraná,/servicios/techos-isopanel/santa-fe-del-parana
techos-isopanel,Construcción de Techos con Isopanel,iruna,Iruña,/servicios/techos-isopanel/iruna
techos-isopanel,Construcción de Techos con Isopanel,villa-ygatimi,Villa Ygatimí,/servicios/techos-isopanel/villa-ygatimi
techos-isopanel,Construcción de Techos con Isopanel,francisco-caballero-alvarez,Francisco Caballero Álvarez,/servicios/techos-isopanel/francisco-caballero-alvarez
techos-isopanel,Construcción de Techos con Isopanel,nueva-esperanza,Nueva Esperanza,/servicios/techos-isopanel/nueva-esperanza
techos-isopanel,Construcción de Techos con Isopanel,puerto-adela,Puerto Adela,/servicios/techos-isopanel/puerto-adela
techos-isopanel,Construcción de Techos con Isopanel,ypejhu,Ypejhú,/servicios/techos-isopanel/ypejhu
techos-isopanel,Construcción de Techos con Isopanel,la-paloma,La Paloma,/servicios/techos-isopanel/la-paloma
techos-isopanel,Construcción de Techos con Isopanel,zanja-pyta,Zanja Pytá,/servicios/techos-isopanel/zanja-pyta
techos-isopanel,Construcción de Techos con Isopanel,karapa-i,Karapa'i,/servicios/techos-isopanel/karapa-i
techos-isopanel,Construcción de Techos con Isopanel,cerro-cora,Cerro Corá,/servicios/techos-isopanel/cerro-cora
techos-isopanel,Construcción de Techos con Isopanel,horqueta,Horqueta,/servicios/techos-isopanel/horqueta
techos-isopanel,Construcción de Techos con Isopanel,san-lazaro,San Lázaro,/servicios/techos-isopanel/san-lazaro
techos-isopanel,Construcción de Techos con Isopanel,repatriacion,Repatriación,/servicios/techos-isopanel/repatriacion
techos-isopanel,Construcción de Techos con Isopanel,doctor-juan-eulogio-estigarribia,Doctor Juan Eulogio Estigarribia,/servicios/techos-isopanel/doctor-juan-eulogio-estigarribia
techos-isopanel,Construcción de Techos con Isopanel,yhu,Yhú,/servicios/techos-isopanel/yhu
techos-isopanel,Construcción de Techos con Isopanel,cambyreta,Cambyretá,/servicios/techos-isopanel/cambyreta
techos-isopanel,Construcción de Techos con Isopanel,tomas-romero-pereira,Tomás Romero Pereira,/servicios/techos-isopanel/tomas-romero-pereira
galpones-isopanel,Construcción de Galpones con Isopanel,ciudad-del-este,Ciudad del Este,/servicios/galpones-isopanel/ciudad-del-este
galpones-isopanel,Construcción de Galpones con Isopanel,pedro-juan-caballero,Pedro Juan Caballero,/servicios/galpones-isopanel/pedro-juan-caballero
galpones-isopanel,Construcción de Galpones con Isopanel,coronel-oviedo,Coronel Oviedo,/servicios/galpones-isopanel/coronel-oviedo
galpones-isopanel,Construcción de Galpones con Isopanel,presidente-franco,Presidente Franco,/servicios/galpones-isopanel/presidente-franco
galpones-isopanel,Construcción de Galpones con Isopanel,hernandarias,Hernandarias,/servicios/galpones-isopanel/hernandarias
galpones-isopanel,Construcción de Galpones con Isopanel,minga-guazu,Minga Guazú,/servicios/galpones-isopanel/minga-guazu
galpones-isopanel,Construcción de Galpones con Isopanel,encarnacion,Encarnación,/servicios/galpones-isopanel/encarnacion
galpones-isopanel,Construcción de Galpones con Isopanel,caaguazu,Caaguazú,/servicios/galpones-isopanel/caaguazu
galpones-isopanel,Construcción de Galpones con Isopanel,concepcion,Concepción,/servicios/galpones-isopanel/concepcion
galpones-isopanel,Construcción de Galpones con Isopanel,curuguaty,Curuguaty,/servicios/galpones-isopanel/curuguaty
galpones-isopanel,Construcción de Galpones con Isopanel,salto-del-guaira,Salto del Guairá,/servicios/galpones-isopanel/salto-del-guaira
galpones-isopanel,Construcción de Galpones con Isopanel,itakyry,Itakyry,/servicios/galpones-isopanel/itakyry
galpones-isopanel,Construcción de Galpones con Isopanel,santa-rita,Santa Rita,/servicios/galpones-isopanel/santa-rita
galpones-isopanel,Construcción de Galpones con Isopanel,capitan-bado,Capitán Bado,/servicios/galpones-isopanel/capitan-bado
galpones-isopanel,Construcción de Galpones con Isopanel,dr-juan-leon-mallorquin,Dr. Juan León Mallorquín,/servicios/galpones-isopanel/dr-juan-leon-mallorquin
galpones-isopanel,Construcción de Galpones con Isopanel,juan-emilio-o-leary,Juan Emilio O’Leary,/servicios/galpones-isopanel/juan-emilio-o-leary
galpones-isopanel,Construcción de Galpones con Isopanel,bella-vista-norte,Bella Vista Norte,/servicios/galpones-isopanel/bella-vista-norte
galpones-isopanel,Construcción de Galpones con Isopanel,minga-pora,Minga Porá,/servicios/galpones-isopanel/minga-pora
galpones-isopanel,Construcción de Galpones con Isopanel,san-alberto,San Alberto,/servicios/galpones-isopanel/san-alberto
galpones-isopanel,Construcción de Galpones con Isopanel,yasy-cany,Yasy Cañy,/servicios/galpones-isopanel/yasy-cany
galpones-isopanel,Construcción de Galpones con Isopanel,corpus-christi,Corpus Christi,/servicios/galpones-isopanel/corpus-christi
galpones-isopanel,Construcción de Galpones con Isopanel,katuete,Katueté,/servicios/galpones-isopanel/katuete
galpones-isopanel,Construcción de Galpones con Isopanel,yguazu,Yguazú,/servicios/galpones-isopanel/yguazu
galpones-isopanel,Construcción de Galpones con Isopanel,san-cristobal,San Cristóbal,/servicios/galpones-isopanel/san-cristobal
galpones-isopanel,Construcción de Galpones con Isopanel,los-cedrales,Los Cedrales,/servicios/galpones-isopanel/los-cedrales
galpones-isopanel,Construcción de Galpones con Isopanel,naranjal,Naranjal,/servicios/galpones-isopanel/naranjal
galpones-isopanel,Construcción de Galpones con Isopanel,tavapy,Tavapy,/servicios/galpones-isopanel/tavapy
galpones-isopanel,Construcción de Galpones con Isopanel,nacunday,Ñacunday,/servicios/galpones-isopanel/nacunday
galpones-isopanel,Construcción de Galpones con Isopanel,mbaracayu,Mbaracayú,/servicios/galpones-isopanel/mbaracayu
galpones-isopanel,Construcción de Galpones con Isopanel,santa-rosa-del-monday,Santa Rosa del Monday,/servicios/galpones-isopanel/santa-rosa-del-monday
galpones-isopanel,Construcción de Galpones con Isopanel,dr-raul-pena,Dr. Raúl Peña,/servicios/galpones-isopanel/dr-raul-pena
galpones-isopanel,Construcción de Galpones con Isopanel,domingo-martinez-de-irala,Domingo Martínez de Irala,/servicios/galpones-isopanel/domingo-martinez-de-irala
galpones-isopanel,Construcción de Galpones con Isopanel,santa-fe-del-parana,Santa Fe del Paraná,/servicios/galpones-isopanel/santa-fe-del-parana
galpones-isopanel,Construcción de Galpones con Isopanel,iruna,Iruña,/servicios/galpones-isopanel/iruna
galpones-isopanel,Construcción de Galpones con Isopanel,villa-ygatimi,Villa Ygatimí,/servicios/galpones-isopanel/villa-ygatimi
galpones-isopanel,Construcción de Galpones con Isopanel,francisco-caballero-alvarez,Francisco Caballero Álvarez,/servicios/galpones-isopanel/francisco-caballero-alvarez
galpones-isopanel,Construcción de Galpones con Isopanel,nueva-esperanza,Nueva Esperanza,/servicios/galpones-isopanel/nueva-esperanza
galpones-isopanel,Construcción de Galpones con Isopanel,puerto-adela,Puerto Adela,/servicios/galpones-isopanel/puerto-adela
galpones-isopanel,Construcción de Galpones con Isopanel,ypejhu,Ypejhú,/servicios/galpones-isopanel/ypejhu
galpones-isopanel,Construcción de Galpones con Isopanel,la-paloma,La Paloma,/servicios/galpones-isopanel/la-paloma
galpones-isopanel,Construcción de Galpones con Isopanel,zanja-pyta,Zanja Pytá,/servicios/galpones-isopanel/zanja-pyta
galpones-isopanel,Construcción de Galpones con Isopanel,karapa-i,Karapa'i,/servicios/galpones-isopanel/karapa-i
galpones-isopanel,Construcción de Galpones con Isopanel,cerro-cora,Cerro Corá,/servicios/galpones-isopanel/cerro-cora
galpones-isopanel,Construcción de Galpones con Isopanel,horqueta,Horqueta,/servicios/galpones-isopanel/horqueta
galpones-isopanel,Construcción de Galpones con Isopanel,san-lazaro,San Lázaro,/servicios/galpones-isopanel/san-lazaro
galpones-isopanel,Construcción de Galpones con Isopanel,repatriacion,Repatriación,/servicios/galpones-isopanel/repatriacion
galpones-isopanel,Construcción de Galpones con Isopanel,doctor-juan-eulogio-estigarribia,Doctor Juan Eulogio Estigarribia,/servicios/galpones-isopanel/doctor-juan-eulogio-estigarribia
galpones-isopanel,Construcción de Galpones con Isopanel,yhu,Yhú,/servicios/galpones-isopanel/yhu
galpones-isopanel,Construcción de Galpones con Isopanel,cambyreta,Cambyretá,/servicios/galpones-isopanel/cambyreta
galpones-isopanel,Construcción de Galpones con Isopanel,tomas-romero-pereira,Tomás Romero Pereira,/servicios/galpones-isopanel/tomas-romero-pereira
construccion-edificios,Construcción de Edificios,ciudad-del-este,Ciudad del Este,/servicios/construccion-edificios/ciudad-del-este
construccion-edificios,Construcción de Edificios,pedro-juan-caballero,Pedro Juan Caballero,/servicios/construccion-edificios/pedro-juan-caballero
construccion-edificios,Construcción de Edificios,coronel-oviedo,Coronel Oviedo,/servicios/construccion-edificios/coronel-oviedo
construccion-edificios,Construcción de Edificios,presidente-franco,Presidente Franco,/servicios/construccion-edificios/presidente-franco
construccion-edificios,Construcción de Edificios,hernandarias,Hernandarias,/servicios/construccion-edificios/hernandarias
construccion-edificios,Construcción de Edificios,minga-guazu,Minga Guazú,/servicios/construccion-edificios/minga-guazu
construccion-edificios,Construcción de Edificios,encarnacion,Encarnación,/servicios/construccion-edificios/encarnacion
construccion-edificios,Construcción de Edificios,caaguazu,Caaguazú,/servicios/construccion-edificios/caaguazu
construccion-edificios,Construcción de Edificios,concepcion,Concepción,/servicios/construccion-edificios/concepcion
construccion-edificios,Construcción de Edificios,curuguaty,Curuguaty,/servicios/construccion-edificios/curuguaty
construccion-edificios,Construcción de Edificios,salto-del-guaira,Salto del Guairá,/servicios/construccion-edificios/salto-del-guaira
construccion-edificios,Construcción de Edificios,itakyry,Itakyry,/servicios/construccion-edificios/itakyry
construccion-edificios,Construcción de Edificios,santa-rita,Santa Rita,/servicios/construccion-edificios/santa-rita
construccion-edificios,Construcción de Edificios,capitan-bado,Capitán Bado,/servicios/construccion-edificios/capitan-bado
construccion-edificios,Construcción de Edificios,dr-juan-leon-mallorquin,Dr. Juan León Mallorquín,/servicios/construccion-edificios/dr-juan-leon-mallorquin
construccion-edificios,Construcción de Edificios,juan-emilio-o-leary,Juan Emilio O’Leary,/servicios/construccion-edificios/juan-emilio-o-leary
construccion-edificios,Construcción de Edificios,bella-vista-norte,Bella Vista Norte,/servicios/construccion-edificios/bella-vista-norte
construccion-edificios,Construcción de Edificios,minga-pora,Minga Porá,/servicios/construccion-edificios/minga-pora
construccion-edificios,Construcción de Edificios,san-alberto,San Alberto,/servicios/construccion-edificios/san-alberto
construccion-edificios,Construcción de Edificios,yasy-cany,Yasy Cañy,/servicios/construccion-edificios/yasy-cany
construccion-edificios,Construcción de Edificios,corpus-christi,Corpus Christi,/servicios/construccion-edificios/corpus-christi
construccion-edificios,Construcción de Edificios,katuete,Katueté,/servicios/construccion-edificios/katuete
construccion-edificios,Construcción de Edificios,yguazu,Yguazú,/servicios/construccion-edificios/yguazu
construccion-edificios,Construcción de Edificios,san-cristobal,San Cristóbal,/servicios/construccion-edificios/san-cristobal
construccion-edificios,Construcción de Edificios,los-cedrales,Los Cedrales,/servicios/construccion-edificios/los-cedrales
construccion-edificios,Construcción de Edificios,naranjal,Naranjal,/servicios/construccion-edificios/naranjal
construccion-edificios,Construcción de Edificios,tavapy,Tavapy,/servicios/construccion-edificios/tavapy
construccion-edificios,Construcción de Edificios,nacunday,Ñacunday,/servicios/construccion-edificios/nacunday
construccion-edificios,Construcción de Edificios,mbaracayu,Mbaracayú,/servicios/construccion-edificios/mbaracayu
construccion-edificios,Construcción de Edificios,santa-rosa-del-monday,Santa Rosa del Monday,/servicios/construccion-edificios/santa-rosa-del-monday
construccion-edificios,Construcción de Edificios,dr-raul-pena,Dr. Raúl Peña,/servicios/construccion-edificios/dr-raul-pena
construccion-edificios,Construcción de Edificios,domingo-martinez-de-irala,Domingo Martínez de Irala,/servicios/construccion-edificios/domingo-martinez-de-irala
construccion-edificios,Construcción de Edificios,santa-fe-del-parana,Santa Fe del Paraná,/servicios/construccion-edificios/santa-fe-del-parana
construccion-edificios,Construcción de Edificios,iruna,Iruña,/servicios/construccion-edificios/iruna
construccion-edificios,Construcción de Edificios,villa-ygatimi,Villa Ygatimí,/servicios/construccion-edificios/villa-ygatimi
construccion-edificios,Construcción de Edificios,francisco-caballero-alvarez,Francisco Caballero Álvarez,/servicios/construccion-edificios/francisco-caballero-alvarez
construccion-edificios,Construcción de Edificios,nueva-esperanza,Nueva Esperanza,/servicios/construccion-edificios/nueva-esperanza
construccion-edificios,Construcción de Edificios,puerto-adela,Puerto Adela,/servicios/construccion-edificios/puerto-adela
construccion-edificios,Construcción de Edificios,ypejhu,Ypejhú,/servicios/construccion-edificios/ypejhu
construccion-edificios,Construcción de Edificios,la-paloma,La Paloma,/servicios/construccion-edificios/la-paloma
construccion-edificios,Construcción de Edificios,zanja-pyta,Zanja Pytá,/servicios/construccion-edificios/zanja-pyta
construccion-edificios,Construcción de Edificios,karapa-i,Karapa'i,/servicios/construccion-edificios/karapa-i
construccion-edificios,Construcción de Edificios,cerro-cora,Cerro Corá,/servicios/construccion-edificios/cerro-cora
construccion-edificios,Construcción de Edificios,horqueta,Horqueta,/servicios/construccion-edificios/horqueta
construccion-edificios,Construcción de Edificios,san-lazaro,San Lázaro,/servicios/construccion-edificios/san-lazaro
construccion-edificios,Construcción de Edificios,repatriacion,Repatriación,/servicios/construccion-edificios/repatriacion
construccion-edificios,Construcción de Edificios,doctor-juan-eulogio-estigarribia,Doctor Juan Eulogio Estigarribia,/servicios/construccion-edificios/doctor-juan-eulogio-estigarribia
construccion-edificios,Construcción de Edificios,yhu,Yhú,/servicios/construccion-edificios/yhu
construccion-edificios,Construcción de Edificios,cambyreta,Cambyretá,/servicios/construccion-edificios/cambyreta
construccion-edificios,Construcción de Edificios,tomas-romero-pereira,Tomás Romero Pereira,/servicios/construccion-edificios/tomas-romero-pereira
construccion-chalets,Construcción de Chalets,ciudad-del-este,Ciudad del Este,/servicios/construccion-chalets/ciudad-del-este
construccion-chalets,Construcción de Chalets,pedro-juan-caballero,Pedro Juan Caballero,/servicios/construccion-chalets/pedro-juan-caballero
construccion-chalets,Construcción de Chalets,coronel-oviedo,Coronel Oviedo,/servicios/construccion-chalets/coronel-oviedo
construccion-chalets,Construcción de Chalets,presidente-franco,Presidente Franco,/servicios/construccion-chalets/presidente-franco
construccion-chalets,Construcción de Chalets,hernandarias,Hernandarias,/servicios/construccion-chalets/hernandarias
construccion-chalets,Construcción de Chalets,minga-guazu,Minga Guazú,/servicios/construccion-chalets/minga-guazu
construccion-chalets,Construcción de Chalets,encarnacion,Encarnación,/servicios/construccion-chalets/encarnacion
construccion-chalets,Construcción de Chalets,caaguazu,Caaguazú,/servicios/construccion-chalets/caaguazu
construccion-chalets,Construcción de Chalets,concepcion,Concepción,/servicios/construccion-chalets/concepcion
construccion-chalets,Construcción de Chalets,curuguaty,Curuguaty,/servicios/construccion-chalets/curuguaty
construccion-chalets,Construcción de Chalets,salto-del-guaira,Salto del Guairá,/servicios/construccion-chalets/salto-del-guaira
construccion-chalets,Construcción de Chalets,itakyry,Itakyry,/servicios/construccion-chalets/itakyry
construccion-chalets,Construcción de Chalets,santa-rita,Santa Rita,/servicios/construccion-chalets/santa-rita
construccion-chalets,Construcción de Chalets,capitan-bado,Capitán Bado,/servicios/construccion-chalets/capitan-bado
construccion-chalets,Construcción de Chalets,dr-juan-leon-mallorquin,Dr. Juan León Mallorquín,/servicios/construccion-chalets/dr-juan-leon-mallorquin
construccion-chalets,Construcción de Chalets,juan-emilio-o-leary,Juan Emilio O’Leary,/servicios/construccion-chalets/juan-emilio-o-leary
construccion-chalets,Construcción de Chalets,bella-vista-norte,Bella Vista Norte,/servicios/construccion-chalets/bella-vista-norte
construccion-chalets,Construcción de Chalets,minga-pora,Minga Porá,/servicios/construccion-chalets/minga-pora
construccion-chalets,Construcción de Chalets,san-alberto,San Alberto,/servicios/construccion-chalets/san-alberto
construccion-chalets,Construcción de Chalets,yasy-cany,Yasy Cañy,/servicios/construccion-chalets/yasy-cany
construccion-chalets,Construcción de Chalets,corpus-christi,Corpus Christi,/servicios/construccion-chalets/corpus-christi
construccion-chalets,Construcción de Chalets,katuete,Katueté,/servicios/construccion-chalets/katuete
construccion-chalets,Construcción de Chalets,yguazu,Yguazú,/servicios/construccion-chalets/yguazu
construccion-chalets,Construcción de Chalets,san-cristobal,San Cristóbal,/servicios/construccion-chalets/san-cristobal
construccion-chalets,Construcción de Chalets,los-cedrales,Los Cedrales,/servicios/construccion-chalets/los-cedrales
construccion-chalets,Construcción de Chalets,naranjal,Naranjal,/servicios/construccion-chalets/naranjal
construccion-chalets,Construcción de Chalets,tavapy,Tavapy,/servicios/construccion-chalets/tavapy
construccion-chalets,Construcción de Chalets,nacunday,Ñacunday,/servicios/construccion-chalets/nacunday
construccion-chalets,Construcción de Chalets,mbaracayu,Mbaracayú,/servicios/construccion-chalets/mbaracayu
construccion-chalets,Construcción de Chalets,santa-rosa-del-monday,Santa Rosa del Monday,/servicios/construccion-chalets/santa-rosa-del-monday
construccion-chalets,Construcción de Chalets,dr-raul-pena,Dr. Raúl Peña,/servicios/construccion-chalets/dr-raul-pena
construccion-chalets,Construcción de Chalets,domingo-martinez-de-irala,Domingo Martínez de Irala,/servicios/construccion-chalets/domingo-martinez-de-irala
construccion-chalets,Construcción de Chalets,santa-fe-del-parana,Santa Fe del Paraná,/servicios/construccion-chalets/santa-fe-del-parana
construccion-chalets,Construcción de Chalets,iruna,Iruña,/servicios/construccion-chalets/iruna
construccion-chalets,Construcción de Chalets,villa-ygatimi,Villa Ygatimí,/servicios/construccion-chalets/villa-ygatimi
construccion-chalets,Construcción de Chalets,francisco-caballero-alvarez,Francisco Caballero Álvarez,/servicios/construccion-chalets/francisco-caballero-alvarez
construccion-chalets,Construcción de Chalets,nueva-esperanza,Nueva Esperanza,/servicios/construccion-chalets/nueva-esperanza
construccion-chalets,Construcción de Chalets,puerto-adela,Puerto Adela,/servicios/construccion-chalets/puerto-adela
construccion-chalets,Construcción de Chalets,ypejhu,Ypejhú,/servicios/construccion-chalets/ypejhu
construccion-chalets,Construcción de Chalets,la-paloma,La Paloma,/servicios/construccion-chalets/la-paloma
construccion-chalets,Construcción de Chalets,zanja-pyta,Zanja Pytá,/servicios/construccion-chalets/zanja-pyta
construccion-chalets,Construcción de Chalets,karapa-i,Karapa'i,/servicios/construccion-chalets/karapa-i
construccion-chalets,Construcción de Chalets,cerro-cora,Cerro Corá,/servicios/construccion-chalets/cerro-cora
construccion-chalets,Construcción de Chalets,horqueta,Horqueta,/servicios/construccion-chalets/horqueta
construccion-chalets,Construcción de Chalets,san-lazaro,San Lázaro,/servicios/construccion-chalets/san-lazaro
construccion-chalets,Construcción de Chalets,repatriacion,Repatriación,/servicios/construccion-chalets/repatriacion
construccion-chalets,Construcción de Chalets,doctor-juan-eulogio-estigarribia,Doctor Juan Eulogio Estigarribia,/servicios/construccion-chalets/doctor-juan-eulogio-estigarribia
construccion-chalets,Construcción de Chalets,yhu,Yhú,/servicios/construccion-chalets/yhu
construccion-chalets,Construcción de Chalets,cambyreta,Cambyretá,/servicios/construccion-chalets/cambyreta
construccion-chalets,Construcción de Chalets,tomas-romero-pereira,Tomás Romero Pereira,/servicios/construccion-chalets/tomas-romero-pereira
casas-2-pisos,Construcción de Casas de 2 Pisos,ciudad-del-este,Ciudad del Este,/servicios/casas-2-pisos/ciudad-del-este
casas-2-pisos,Construcción de Casas de 2 Pisos,pedro-juan-caballero,Pedro Juan Caballero,/servicios/casas-2-pisos/pedro-juan-caballero
casas-2-pisos,Construcción de Casas de 2 Pisos,coronel-oviedo,Coronel Oviedo,/servicios/casas-2-pisos/coronel-oviedo
casas-2-pisos,Construcción de Casas de 2 Pisos,presidente-franco,Presidente Franco,/servicios/casas-2-pisos/presidente-franco
casas-2-pisos,Construcción de Casas de 2 Pisos,hernandarias,Hernandarias,/servicios/casas-2-pisos/hernandarias
casas-2-pisos,Construcción de Casas de 2 Pisos,minga-guazu,Minga Guazú,/servicios/casas-2-pisos/minga-guazu
casas-2-pisos,Construcción de Casas de 2 Pisos,encarnacion,Encarnación,/servicios/casas-2-pisos/encarnacion
casas-2-pisos,Construcción de Casas de 2 Pisos,caaguazu,Caaguazú,/servicios/casas-2-pisos/caaguazu
casas-2-pisos,Construcción de Casas de 2 Pisos,concepcion,Concepción,/servicios/casas-2-pisos/concepcion
casas-2-pisos,Construcción de Casas de 2 Pisos,curuguaty,Curuguaty,/servicios/casas-2-pisos/curuguaty
casas-2-pisos,Construcción de Casas de 2 Pisos,salto-del-guaira,Salto del Guairá,/servicios/casas-2-pisos/salto-del-guaira
casas-2-pisos,Construcción de Casas de 2 Pisos,itakyry,Itakyry,/servicios/casas-2-pisos/itakyry
casas-2-pisos,Construcción de Casas de 2 Pisos,santa-rita,Santa Rita,/servicios/casas-2-pisos/santa-rita
casas-2-pisos,Construcción de Casas de 2 Pisos,capitan-bado,Capitán Bado,/servicios/casas-2-pisos/capitan-bado
casas-2-pisos,Construcción de Casas de 2 Pisos,dr-juan-leon-mallorquin,Dr. Juan León Mallorquín,/servicios/casas-2-pisos/dr-juan-leon-mallorquin
casas-2-pisos,Construcción de Casas de 2 Pisos,juan-emilio-o-leary,Juan Emilio O’Leary,/servicios/casas-2-pisos/juan-emilio-o-leary
casas-2-pisos,Construcción de Casas de 2 Pisos,bella-vista-norte,Bella Vista Norte,/servicios/casas-2-pisos/bella-vista-norte
casas-2-pisos,Construcción de Casas de 2 Pisos,minga-pora,Minga Porá,/servicios/casas-2-pisos/minga-pora
casas-2-pisos,Construcción de Casas de 2 Pisos,san-alberto,San Alberto,/servicios/casas-2-pisos/san-alberto
casas-2-pisos,Construcción de Casas de 2 Pisos,yasy-cany,Yasy Cañy,/servicios/casas-2-pisos/yasy-cany
casas-2-pisos,Construcción de Casas de 2 Pisos,corpus-christi,Corpus Christi,/servicios/casas-2-pisos/corpus-christi
casas-2-pisos,Construcción de Casas de 2 Pisos,katuete,Katueté,/servicios/casas-2-pisos/katuete
casas-2-pisos,Construcción de Casas de 2 Pisos,yguazu,Yguazú,/servicios/casas-2-pisos/yguazu
casas-2-pisos,Construcción de Casas de 2 Pisos,san-cristobal,San Cristóbal,/servicios/casas-2-pisos/san-cristobal
casas-2-pisos,Construcción de Casas de 2 Pisos,los-cedrales,Los Cedrales,/servicios/casas-2-pisos/los-cedrales
casas-2-pisos,Construcción de Casas de 2 Pisos,naranjal,Naranjal,/servicios/casas-2-pisos/naranjal
casas-2-pisos,Construcción de Casas de 2 Pisos,tavapy,Tavapy,/servicios/casas-2-pisos/tavapy
casas-2-pisos,Construcción de Casas de 2 Pisos,nacunday,Ñacunday,/servicios/casas-2-pisos/nacunday
casas-2-pisos,Construcción de Casas de 2 Pisos,mbaracayu,Mbaracayú,/servicios/casas-2-pisos/mbaracayu
casas-2-pisos,Construcción de Casas de 2 Pisos,santa-rosa-del-monday,Santa Rosa del Monday,/servicios/casas-2-pisos/santa-rosa-del-monday
casas-2-pisos,Construcción de Casas de 2 Pisos,dr-raul-pena,Dr. Raúl Peña,/servicios/casas-2-pisos/dr-raul-pena
casas-2-pisos,Construcción de Casas de 2 Pisos,domingo-martinez-de-irala,Domingo Martínez de Irala,/servicios/casas-2-pisos/domingo-martinez-de-irala
casas-2-pisos,Construcción de Casas de 2 Pisos,santa-fe-del-parana,Santa Fe del Paraná,/servicios/casas-2-pisos/santa-fe-del-parana
casas-2-pisos,Construcción de Casas de 2 Pisos,iruna,Iruña,/servicios/casas-2-pisos/iruna
casas-2-pisos,Construcción de Casas de 2 Pisos,villa-ygatimi,Villa Ygatimí,/servicios/casas-2-pisos/villa-ygatimi
casas-2-pisos,Construcción de Casas de 2 Pisos,francisco-caballero-alvarez,Francisco Caballero Álvarez,/servicios/casas-2-pisos/francisco-caballero-alvarez
casas-2-pisos,Construcción de Casas de 2 Pisos,nueva-esperanza,Nueva Esperanza,/servicios/casas-2-pisos/nueva-esperanza
casas-2-pisos,Construcción de Casas de 2 Pisos,puerto-adela,Puerto Adela,/servicios/casas-2-pisos/puerto-adela
casas-2-pisos,Construcción de Casas de 2 Pisos,ypejhu,Ypejhú,/servicios/casas-2-pisos/ypejhu
casas-2-pisos,Construcción de Casas de 2 Pisos,la-paloma,La Paloma,/servicios/casas-2-pisos/la-paloma
casas-2-pisos,Construcción de Casas de 2 Pisos,zanja-pyta,Zanja Pytá,/servicios/casas-2-pisos/zanja-pyta
casas-2-pisos,Construcción de Casas de 2 Pisos,karapa-i,Karapa'i,/servicios/casas-2-pisos/karapa-i
casas-2-pisos,Construcción de Casas de 2 Pisos,cerro-cora,Cerro Corá,/servicios/casas-2-pisos/cerro-cora
casas-2-pisos,Construcción de Casas de 2 Pisos,horqueta,Horqueta,/servicios/casas-2-pisos/horqueta
casas-2-pisos,Construcción de Casas de 2 Pisos,san-lazaro,San Lázaro,/servicios/casas-2-pisos/san-lazaro
casas-2-pisos,Construcción de Casas de 2 Pisos,repatriacion,Repatriación,/servicios/casas-2-pisos/repatriacion
casas-2-pisos,Construcción de Casas de 2 Pisos,doctor-juan-eulogio-estigarribia,Doctor Juan Eulogio Estigarribia,/servicios/casas-2-pisos/doctor-juan-eulogio-estigarribia
casas-2-pisos,Construcción de Casas de 2 Pisos,yhu,Yhú,/servicios/casas-2-pisos/yhu
casas-2-pisos,Construcción de Casas de 2 Pisos,cambyreta,Cambyretá,/servicios/casas-2-pisos/cambyreta
casas-2-pisos,Construcción de Casas de 2 Pisos,tomas-romero-pereira,Tomás Romero Pereira,/servicios/casas-2-pisos/tomas-romero-pereira